report,case,layout,motion,content,mode,plan,requested_sigma_logical,n,build_p50,raster_p50,build_mean,raster_mean,build_p95,raster_p95,build_p99,raster_p99,over_budget,vsync_gap_slots,gpu_ms,gpu_mcycles,backdrop_layers,distinct_capture_keys,visible_mpix,union_to_visible_area,liquid_filter_output_mpix
/tmp/morph-architecture/results/mip-stage-sweep-1.json,mip-bare-n1-fresh,owned-texture-n1,background-and-glass,,bare,shared,,72,2.51,2.15,2.6675416666666667,2.2094166666666677,3.613,3.01,5.351,4.288,0,0,1.4680089583333333,0.6371158879166671,,,0.6291456,1.0,0.0
/tmp/morph-architecture/results/mip-stage-sweep-1.json,mip-cached-n2-reuse,owned-texture-n2,glass,,cached,shared,,72,0.568,1.775,0.6256249999999999,2.0001388888888894,0.988,3.514,1.261,4.108,0,0,1.43033525,0.6207654984999998,,,0.6291455999999999,1.4128709291752768,0.0
/tmp/morph-architecture/results/mip-stage-sweep-1.json,mip-bare-n2-reuse,owned-texture-n2,glass,,bare,shared,,72,0.497,1.863,0.545722222222222,1.9815138888888886,1.009,3.587,1.553,4.173,0,0,1.1869955833333332,0.5151560831666667,,,0.6291455999999999,1.4128709291752768,0.0
/tmp/morph-architecture/results/mip-stage-sweep-1.json,mip-bare-n16-reuse,owned-texture-n16,glass,,bare,shared,,72,0.425,1.888,0.46447222222222234,2.01725,0.846,3.55,1.261,4.032,0,0,1.149073638888889,0.49869795927777727,,,0.6291456000000001,2.6221531968814578,0.0
/tmp/morph-architecture/results/mip-stage-sweep-1.json,mip-gaussian-n4-fresh,owned-texture-n4,background-and-glass,,gaussian,independent,,72,2.52,8.875,2.712263888888889,8.941930555555556,3.832,10.747,4.909,12.668,0,0,5.810485458333333,2.5217506889166676,,,0.6291455999999999,1.9962042625086098,0.0
/tmp/morph-architecture/results/mip-stage-sweep-1.json,mip-grouped-n1-fresh,owned-texture-n1,background-and-glass,,grouped,shared,,72,2.7,3.78,2.7963750000000007,3.857444444444445,3.939,4.727,4.15,5.57,0,0,3.380978847222222,1.467344819694444,,,0.6291456,1.0,0.0
/tmp/morph-architecture/results/mip-stage-sweep-1.json,mip-cached-n4-reuse,owned-texture-n4,glass,,cached,shared,,72,0.608,1.885,0.673,2.070944444444444,1.417,3.319,2.593,3.926,0,0,1.452878111111111,0.630549100222222,,,0.6291455999999999,1.9962042625086098,0.0
/tmp/morph-architecture/results/mip-stage-sweep-1.json,mip-bare-n8-reuse,owned-texture-n8,glass,,bare,shared,,72,0.454,1.774,0.5149999999999999,1.974361111111111,0.997,3.24,1.812,3.856,0,0,1.1572483472222221,0.5022457826944448,,,0.6291455999999999,2.467144447305352,0.0
/tmp/morph-architecture/results/mip-stage-sweep-1.json,mip-tent-n2-reuse,owned-texture-n2,glass,,tent,shared,,72,0.627,1.996,0.7691805555555553,2.1351805555555554,1.353,3.188,2.838,4.06,0,0,1.435556388888889,0.6230314727777779,,,0.6291455999999999,1.4128709291752768,0.0
/tmp/morph-architecture/results/mip-stage-sweep-1.json,mip-grouped-n16-reuse,owned-texture-n16,glass,,grouped,shared,,72,1.462,4.634,1.4947361111111106,4.556055555555553,2.563,5.562,3.292,6.157,0,0,2.751548125,1.1941718862500001,,,0.6291456000000001,2.6221531968814578,0.0
/tmp/morph-architecture/results/mip-stage-sweep-1.json,mip-grouped-n1-reuse,owned-texture-n1,glass,,grouped,shared,,72,0.802,4.009,0.8369027777777777,3.977263888888889,1.37,4.891,1.629,5.83,0,0,2.930646888888889,1.2719007497777777,,,0.6291456,1.0,0.0
/tmp/morph-architecture/results/mip-stage-sweep-1.json,mip-bare-n8-fresh,owned-texture-n8,background-and-glass,,bare,shared,,72,2.69,2.179,2.687138888888889,2.2419999999999995,3.523,2.903,5.0,3.665,0,0,1.4790728888888889,0.6419176337777777,,,0.6291455999999999,2.467144447305352,0.0
/tmp/morph-architecture/results/mip-stage-sweep-1.json,mip-tent-n4-fresh,owned-texture-n4,background-and-glass,,tent,shared,,71,6.655,2.336,7.164760563380282,2.3389295774647896,10.122,2.682,16.728,3.442,1,1,2.8285278873239434,1.2275811030985915,,,0.6291455999999999,1.9962042625086098,0.0
/tmp/morph-architecture/results/mip-stage-sweep-1.json,mip-tent-n2-fresh,owned-texture-n2,background-and-glass,,tent,shared,,72,6.54,2.236,6.765027777777777,2.1993380281690142,10.391,2.709,14.003,3.136,0,0,2.808622013888889,1.2189419540277786,,,0.6291455999999999,1.4128709291752768,0.0
/tmp/morph-architecture/results/mip-stage-sweep-1.json,mip-bare-n4-reuse,owned-texture-n4,glass,,bare,shared,,72,0.488,1.824,0.5376666666666666,2.108111111111111,0.84,3.895,1.054,4.791,0,0,1.1811975555555556,0.512639739111111,,,0.6291455999999999,1.9962042625086098,0.0
/tmp/morph-architecture/results/mip-stage-sweep-1.json,mip-grouped-n4-fresh,owned-texture-n4,background-and-glass,,grouped,shared,,72,2.942,3.83,3.088277777777778,3.867527777777779,4.341,4.551,5.853,5.903,0,0,3.162146402777778,1.3723715388055557,,,0.6291455999999999,1.9962042625086098,0.0
/tmp/morph-architecture/results/mip-stage-sweep-1.json,mip-bare-n1-reuse,owned-texture-n1,glass,,bare,shared,,72,0.469,1.983,0.5712361111111111,2.110083333333333,0.994,3.238,1.493,3.965,0,0,1.1664248472222223,0.5062283836944439,,,0.6291456,1.0,0.0
/tmp/morph-architecture/results/mip-stage-sweep-1.json,mip-grouped-n4-reuse,owned-texture-n4,glass,,grouped,shared,,72,0.816,3.967,0.9078611111111111,3.9192361111111103,1.542,4.991,1.704,5.773,0,0,2.686102847222222,1.1657686356944434,,,0.6291455999999999,1.9962042625086098,0.0
/tmp/morph-architecture/results/mip-stage-sweep-1.json,mip-cached-n8-reuse,owned-texture-n8,glass,,cached,shared,,72,0.674,2.339,0.7229583333333331,2.3264027777777776,1.509,3.443,2.986,4.355,0,0,1.518326375,0.6589536467500002,,,0.6291455999999999,2.467144447305352,0.0
/tmp/morph-architecture/results/mip-stage-sweep-1.json,mip-grouped-n2-fresh,owned-texture-n2,background-and-glass,,grouped,shared,,72,2.772,3.673,2.8162777777777777,3.753819444444445,3.818,4.632,4.337,5.257,0,0,3.135572236111111,1.3608383504722226,,,0.6291455999999999,1.4128709291752768,0.0
/tmp/morph-architecture/results/mip-stage-sweep-1.json,mip-gaussian-n2-reuse,owned-texture-n2,glass,,gaussian,independent,,72,0.926,4.858,0.9619583333333335,4.9885972222222215,1.45,6.265,1.81,7.53,0,0,3.88567925,1.686384794499998,,,0.6291455999999999,1.4128709291752768,0.0
/tmp/morph-architecture/results/mip-stage-sweep-1.json,mip-gaussian-n2-fresh,owned-texture-n2,background-and-glass,,gaussian,independent,,72,2.856,4.663,2.8604027777777787,4.590416666666667,4.081,5.6,4.672,6.417,0,0,4.284444458333333,1.8594488949166685,,,0.6291455999999999,1.4128709291752768,0.0
/tmp/morph-architecture/results/mip-stage-sweep-1.json,mip-box-n1-reuse,owned-texture-n1,glass,,box,shared,,72,0.606,1.905,0.6449861111111108,2.062222222222222,1.119,3.425,1.6,3.678,0,0,1.4260445972222222,0.6189033551944444,,,0.6291456,1.0,0.0
/tmp/morph-architecture/results/mip-stage-sweep-1.json,mip-grouped-n16-fresh,owned-texture-n16,background-and-glass,,grouped,shared,,72,3.424,4.671,3.432097222222223,4.58811111111111,4.708,5.553,5.407,6.153,0,0,3.2322664583333336,1.4028036429166664,,,0.6291456000000001,2.6221531968814578,0.0
/tmp/morph-architecture/results/mip-stage-sweep-1.json,mip-tent-n16-reuse,owned-texture-n16,glass,,tent,shared,,72,1.146,3.255,1.2290694444444443,3.131972222222222,2.315,3.975,3.283,4.641,0,0,1.5050986527777777,0.6532128153055557,,,0.6291456000000001,2.6221531968814578,0.0
/tmp/morph-architecture/results/mip-stage-sweep-1.json,mip-gaussian-n8-reuse,owned-texture-n8,glass,,gaussian,independent,,72,0.865,11.623,0.959388888888889,11.981652777777782,1.783,14.868,2.488,15.579,0,0,8.545878055555557,3.7089110761111113,,,0.6291455999999999,2.467144447305352,0.0
/tmp/morph-architecture/results/mip-stage-sweep-1.json,mip-tent-n8-reuse,owned-texture-n8,glass,,tent,shared,,72,0.86,2.576,0.9281111111111109,2.6385277777777767,1.67,4.085,2.075,4.914,0,0,1.493343736111111,0.6481111814722227,,,0.6291455999999999,2.467144447305352,0.0
/tmp/morph-architecture/results/mip-stage-sweep-1.json,mip-cached-n1-reuse,owned-texture-n1,glass,,cached,shared,,72,0.533,1.788,0.616152777777778,1.9264305555555556,1.099,3.552,1.36,4.482,0,0,1.4528021805555555,0.6305161463611109,,,0.6291456,1.0,0.0
/tmp/morph-architecture/results/mip-stage-sweep-1.json,mip-box-n2-fresh,owned-texture-n2,background-and-glass,,box,shared,,72,6.436,2.221,7.211,2.244305555555555,11.594,2.819,13.729,3.532,0,0,2.5364664305555555,1.1008264308611118,,,0.6291455999999999,1.4128709291752768,0.0
/tmp/morph-architecture/results/mip-stage-sweep-1.json,mip-box-n2-reuse,owned-texture-n2,glass,,box,shared,,72,0.646,1.957,0.7515416666666666,2.1755277777777775,1.427,3.691,1.737,4.514,0,0,1.4418855277777778,0.6257783190555559,,,0.6291455999999999,1.4128709291752768,0.0
/tmp/morph-architecture/results/mip-stage-sweep-1.json,mip-tent-n1-fresh,owned-texture-n1,background-and-glass,,tent,shared,,72,6.456,2.243,6.661749999999996,2.2462112676056343,10.276,2.778,12.264,4.196,0,0,2.8172883194444447,1.2227031306388885,,,0.6291456,1.0,0.0
/tmp/morph-architecture/results/mip-stage-sweep-1.json,mip-gaussian-n1-fresh,owned-texture-n1,background-and-glass,,gaussian,independent,,72,2.61,3.846,2.697486111111111,3.881902777777777,3.561,4.656,4.331,5.397,0,0,3.37677375,1.4655198075000009,,,0.6291456,1.0,0.0
/tmp/morph-architecture/results/mip-stage-sweep-1.json,mip-gaussian-n16-reuse,owned-texture-n16,glass,,gaussian,independent,,64,1.098,18.675,1.1398813559322034,18.942468750000003,2.267,24.348,3.733,28.495,48,8,12.4859575625,5.972655877843757,,,0.6291456000000001,2.6221531968814578,0.0
/tmp/morph-architecture/results/mip-stage-sweep-1.json,mip-gaussian-n1-reuse,owned-texture-n1,glass,,gaussian,independent,,72,0.78,3.882,0.8314444444444444,3.91048611111111,1.332,4.984,1.497,7.163,0,0,2.9296020833333336,1.2714473041666672,,,0.6291456,1.0,0.0
/tmp/morph-architecture/results/mip-stage-sweep-1.json,mip-tent-n16-fresh,owned-texture-n16,background-and-glass,,tent,shared,,72,6.738,3.075,7.117694444444447,2.9580277777777777,11.749,3.482,15.829,4.163,0,1,2.878635970588235,1.249328011235294,,,0.6291456000000001,2.6221531968814578,0.0
/tmp/morph-architecture/results/mip-stage-sweep-1.json,mip-grouped-n8-reuse,owned-texture-n8,glass,,grouped,shared,,72,1.009,4.197,1.087361111111111,4.223777777777779,1.688,5.307,1.952,6.289,0,0,2.7902028055555554,1.2109480176111123,,,0.6291455999999999,2.467144447305352,0.0
/tmp/morph-architecture/results/mip-stage-sweep-1.json,mip-box-n16-fresh,owned-texture-n16,background-and-glass,,box,shared,,72,6.938,3.171,7.180694444444443,3.035619718309859,10.254,3.533,13.822,4.118,0,0,2.6287981944444443,1.1408984163888911,,,0.6291456000000001,2.6221531968814578,0.0
/tmp/morph-architecture/results/mip-stage-sweep-1.json,mip-tent-n8-fresh,owned-texture-n8,background-and-glass,,tent,shared,,72,6.593,2.684,6.768111111111109,2.5994999999999995,10.414,3.083,12.343,3.439,0,0,2.8484309,1.2362190106,,,0.6291455999999999,2.467144447305352,0.0
/tmp/morph-architecture/results/mip-stage-sweep-1.json,mip-bare-n4-fresh,owned-texture-n4,background-and-glass,,bare,shared,,72,2.696,2.207,2.712486111111111,2.1913055555555565,3.895,2.909,4.507,3.336,0,0,1.499246736111111,0.6506730834722223,,,0.6291455999999999,1.9962042625086098,0.0
/tmp/morph-architecture/results/mip-stage-sweep-1.json,mip-box-n8-fresh,owned-texture-n8,background-and-glass,,box,shared,,72,6.364,2.524,6.718819444444445,2.4996249999999987,10.4,3.016,11.963,3.226,0,0,2.568987361111111,1.1149405147222233,,,0.6291455999999999,2.467144447305352,0.0
/tmp/morph-architecture/results/mip-stage-sweep-1.json,mip-box-n8-reuse,owned-texture-n8,glass,,box,shared,,72,0.789,2.471,0.903388888888889,2.552972222222223,1.703,3.683,2.333,5.141,0,0,1.482246611111111,0.6432950292222223,,,0.6291455999999999,2.467144447305352,0.0
/tmp/morph-architecture/results/mip-stage-sweep-1.json,mip-cached-n16-reuse,owned-texture-n16,glass,,cached,shared,,72,0.862,2.918,0.9553055555555555,2.787833333333334,1.747,3.892,2.153,4.23,0,0,1.5799280972222223,0.6856887941944445,,,0.6291456000000001,2.6221531968814578,0.0
/tmp/morph-architecture/results/mip-stage-sweep-1.json,mip-gaussian-n8-fresh,owned-texture-n8,background-and-glass,,gaussian,independent,,72,2.089,12.979,2.380305555555555,13.04334722222222,4.387,15.444,6.789,15.978,0,0,8.918625347222221,3.8706834006944373,,,0.6291455999999999,2.467144447305352,0.0
/tmp/morph-architecture/results/mip-stage-sweep-1.json,mip-bare-n2-fresh,owned-texture-n2,background-and-glass,,bare,shared,,72,2.632,2.21,2.7119166666666663,2.199152777777777,3.595,2.948,4.19,3.1,0,0,1.459534388888889,0.6334379247777774,,,0.6291455999999999,1.4128709291752768,0.0
/tmp/morph-architecture/results/mip-stage-sweep-1.json,mip-gaussian-n4-reuse,owned-texture-n4,glass,,gaussian,independent,,72,1.026,8.419,1.061597222222222,8.38069444444444,1.593,9.901,2.052,14.165,0,0,5.451285,2.3658576899999995,,,0.6291455999999999,1.9962042625086098,0.0
/tmp/morph-architecture/results/mip-stage-sweep-1.json,mip-box-n4-reuse,owned-texture-n4,glass,,box,shared,,72,0.702,2.012,0.7713472222222221,2.217680555555555,1.457,3.625,1.804,4.685,0,0,1.4614004027777778,0.6342477748055556,,,0.6291455999999999,1.9962042625086098,0.0
/tmp/morph-architecture/results/mip-stage-sweep-1.json,mip-tent-n4-reuse,owned-texture-n4,glass,,tent,shared,,72,0.691,2.165,0.7488888888888889,2.295541666666667,1.346,3.672,1.94,4.426,0,0,1.4575585555555555,0.6325804131111109,,,0.6291455999999999,1.9962042625086098,0.0
/tmp/morph-architecture/results/mip-stage-sweep-1.json,mip-bare-n16-fresh,owned-texture-n16,background-and-glass,,bare,shared,,72,2.621,2.198,2.725305555555556,2.200652777777778,3.726,3.012,5.182,3.268,0,0,1.489175388888889,0.6463021187777774,,,0.6291456000000001,2.6221531968814578,0.0
/tmp/morph-architecture/results/mip-stage-sweep-1.json,mip-tent-n1-reuse,owned-texture-n1,glass,,tent,shared,,72,0.566,1.806,0.6593055555555554,1.985194444444444,1.18,3.304,1.843,4.165,0,0,1.412771611111111,0.6131428792222224,,,0.6291456,1.0,0.0
/tmp/morph-architecture/results/mip-stage-sweep-1.json,mip-grouped-n8-fresh,owned-texture-n8,background-and-glass,,grouped,shared,,72,2.714,3.937,2.807847222222223,3.756986111111111,4.168,4.725,4.51,4.951,0,0,3.1695591666666667,1.3755886783333338,,,0.6291455999999999,2.467144447305352,0.0
/tmp/morph-architecture/results/mip-stage-sweep-1.json,mip-box-n4-fresh,owned-texture-n4,background-and-glass,,box,shared,,72,6.219,2.347,6.806708333333335,2.3056527777777776,11.216,2.801,12.853,3.496,0,0,2.558934527777778,1.110577585055555,,,0.6291455999999999,1.9962042625086098,0.0
/tmp/morph-architecture/results/mip-stage-sweep-1.json,mip-box-n1-fresh,owned-texture-n1,background-and-glass,,box,shared,,72,6.639,2.246,6.620267605633804,2.212225352112676,10.361,2.746,13.183,3.291,0,0,2.531997402777778,1.0988868728055559,,,0.6291456,1.0,0.0
/tmp/morph-architecture/results/mip-stage-sweep-1.json,mip-box-n16-reuse,owned-texture-n16,glass,,box,shared,,72,1.215,3.285,1.2876249999999998,3.1883472222222218,2.216,4.119,2.564,5.142,0,0,1.5379705694444445,0.6674792271388885,,,0.6291456000000001,2.6221531968814578,0.0
/tmp/morph-architecture/results/mip-stage-sweep-1.json,mip-gaussian-n16-fresh,owned-texture-n16,background-and-glass,,gaussian,independent,,57,3.571,20.111,4.849879310344828,20.418649122807018,10.964,33.723,14.067,36.923,43,15,13.58805598245614,6.360448195775853,,,0.6291456000000001,2.6221531968814578,0.0
/tmp/morph-architecture/results/mip-stage-sweep-1.json,mip-grouped-n2-reuse,owned-texture-n2,glass,,grouped,shared,,72,0.76,3.744,0.8242083333333334,3.7710694444444437,1.248,4.969,1.713,5.543,0,0,2.722661638888889,1.1816351512777785,,,0.6291455999999999,1.4128709291752768,0.0
