report,case,layout,motion,content,mode,plan,requested_sigma_logical,n,build_p50,raster_p50,build_mean,raster_mean,build_p95,raster_p95,build_p99,raster_p99,over_budget,vsync_gap_slots,gpu_ms,gpu_mcycles,backdrop_layers,distinct_capture_keys,visible_mpix,union_to_visible_area,liquid_filter_output_mpix
/tmp/morph-architecture/results/control-2.json,nav-navigation-enter-liquid,navigation,enter,mail,liquid,actual-gallery,2,44,6.274,6.969,7.532790697674419,8.123404255319148,15.019,15.55,17.469,16.715,2,4,5.069781772727272,2.2002852893636358,1,1,0.0,,0.03686400000000001
/tmp/morph-architecture/results/control-2.json,nav-navigation-nested-pop-liquid,navigation,nested-pop,mail,liquid,actual-gallery,2,41,6.99,6.26,9.577439024390243,9.449,17.556,25.296,26.583,34.003,6,7,5.592411902439024,2.4271067656585346,2,1,0.0,,0.4546559999999999
/tmp/morph-architecture/results/control-2.json,nav-navigation-toolbar-liquid,navigation,toolbar,mail,liquid,actual-gallery,2,48,5.063,6.357,5.068979166666668,7.329145833333332,8.612,13.314,10.357,14.879,0,0,4.407163145833333,1.9127088052916663,2,1,0.0,,0.4546559999999999
/tmp/morph-architecture/results/control-2.json,nav-navigation-nested-push-flat,navigation,nested-push,mail,flat,actual-gallery,2,44,4.588,4.598,5.360113636363637,7.789613636363637,9.967,20.412,15.519,30.238,5,4,2.907251863636364,1.261747308818181,0,0,0.0,,0.0
/tmp/morph-architecture/results/control-2.json,nav-navigation-enter-flat,navigation,enter,mail,flat,actual-gallery,2,46,3.448,5.834,4.6786521739130436,6.727347826086957,8.225,12.308,28.871,14.276,1,2,2.767972,1.2012998479999994,0,0,0.0,,0.0
/tmp/morph-architecture/results/control-2.json,nav-navigation-nested-push-liquid,navigation,nested-push,mail,liquid,actual-gallery,2,39,7.138,6.306,9.955102564102564,9.51797435897436,23.597,24.386,27.602,35.633,8,9,6.191680333333333,2.687189264666666,2,1,0.0,,0.4546559999999999
/tmp/morph-architecture/results/control-2.json,nav-navigation-toolbar-flat,navigation,toolbar,mail,flat,actual-gallery,2,48,2.846,4.492,2.949875,5.760749999999999,4.51,10.765,6.082,11.243,0,0,2.0146728723404257,0.8743680265957442,0,0,0.0,,0.0
/tmp/morph-architecture/results/control-2.json,nav-navigation-nested-pop-flat,navigation,nested-pop,mail,flat,actual-gallery,2,44,5.392,4.746,5.906441860465116,7.4142888888888905,12.889,16.444,19.882,24.474,3,3,2.5560409545454545,1.109321774272727,0,0,0.0,,0.0
/tmp/morph-architecture/results/direct-field-1.json,nav-navigation-enter-flat,navigation,enter,mail,flat,actual-gallery,2,47,3.824,5.618,4.678260869565217,6.583478260869566,9.762,11.23,26.274,12.327,1,1,2.7543399782608695,1.1953835505652182,0,0,0.0,,0.0
/tmp/morph-architecture/results/direct-field-1.json,nav-navigation-nested-pop-flat,navigation,nested-pop,mail,flat,actual-gallery,2,45,4.454,4.504,5.610956521739132,7.536173913043478,11.338,20.177,15.511,24.163,5,3,2.590525565217391,1.1242880953043484,0,0,0.0,,0.0
/tmp/morph-architecture/results/direct-field-1.json,nav-navigation-toolbar-flat,navigation,toolbar,mail,flat,actual-gallery,2,48,3.164,4.588,3.1960625,6.153625000000002,5.085,12.488,5.921,13.529,0,0,2.02002675,0.8766916095000004,0,0,0.0,,0.0
/tmp/morph-architecture/results/direct-field-1.json,nav-navigation-nested-push-liquid,navigation,nested-push,mail,liquid,actual-gallery,2,40,7.809,6.696,8.97925,9.76478048780488,18.333,27.343,26.777,36.278,9,8,6.2607826,2.7171796484000015,2,1,0.0,,0.4546559999999999
/tmp/morph-architecture/results/direct-field-1.json,nav-navigation-enter-liquid,navigation,enter,mail,liquid,actual-gallery,2,44,6.328,7.345,7.57759090909091,8.227651162790698,11.736,14.284,21.627,15.969,2,4,5.0863876511627915,2.2074922406046538,1,1,0.0,,0.03686400000000001
/tmp/morph-architecture/results/direct-field-1.json,nav-navigation-nested-push-flat,navigation,nested-push,mail,flat,actual-gallery,2,41,4.969,4.668,5.875577777777778,8.422756097560974,12.94,23.47,17.728,41.325,7,7,2.7892583170731706,1.2105381096097572,0,0,0.0,,0.0
/tmp/morph-architecture/results/direct-field-1.json,nav-navigation-toolbar-liquid,navigation,toolbar,mail,liquid,actual-gallery,2,48,5.199,6.484,5.165468085106383,7.7610625,7.852,14.741,10.204,17.288,1,0,4.4138170625,1.9155966051249997,2,1,0.0,,0.4546559999999999
/tmp/morph-architecture/results/direct-field-1.json,nav-navigation-nested-pop-liquid,navigation,nested-pop,mail,liquid,actual-gallery,2,42,7.143,7.459,8.256113636363638,9.697386363636364,13.35,21.219,29.469,37.113,4,4,5.562601704545454,2.41416913977273,2,1,0.0,,0.4546559999999999
